i0000	{"a": "0", "b": "ok", "institution": ["DE-1"]}
i0001	{"a": "1", "b": "ok", "institution": ["DE-2"]}
i0002	{"a": "2", "b": "ok", "institution": ["DE-3"]}
i0003	{"a": "3", "b": "ok", "institution": ["DE-1"]}
i0004	{"a": "4", "b": "ok", "institution": ["DE-2"]}
i0005	{"a": "5", "b": "ok", "institution": ["DE-3"]}
i0006	{"a": "6", "b": "ok", "institution": ["DE-1"]}
i0007	{"a": "7", "b": "ok", "institution": ["DE-2"]}
i0008	{"a": "8", "b": "ok", "institution": ["DE-3"]}
i0009	{"a": "9", "b": "ok", "institution": ["DE-1"]}
i0010	{"a": "10", "b": "ok", "institution": ["DE-2"]}
i0011	{"a": "11", "b": "ok", "institution": ["DE-3"]}
i0012	{"a": "12", "b": "ok", "institution": ["DE-1"]}
i0013	{"a": "13", "b": "ok", "institution": ["DE-2"]}
i0014	{"a": "14", "b": "ok", "institution": ["DE-3"]}
i0015	{"a": "15", "b": "ok", "institution": ["DE-1"]}
i0016	{"a": "16", "b": "ok", "institution": ["DE-2"]}
i0017	{"a": "17", "b": "ok", "institution": ["DE-3"]}
i0018	{"a": "18", "b": "ok", "institution": ["DE-1"]}
i0019	{"a": "19", "b": "ok", "institution": ["DE-2"]}
i0020	{"a": "20", "b": "ok", "institution": ["DE-3"]}
i0021	{"a": "21", "b": "ok", "institution": ["DE-1"]}
i0022	{"a": "22", "b": "ok", "institution": ["DE-2"]}
i0023	{"a": "23", "b": "ok", "institution": ["DE-3"]}
i0024	{"a": "24", "b": "ok", "institution": ["DE-1"]}
i0025	{"a": "25", "b": "ok", "institution": ["DE-2"]}
i0026	{"a": "26", "b": "ok", "institution": ["DE-3"]}
i0027	{"a": "27", "b": "ok", "institution": ["DE-1"]}
i0028	{"a": "28", "b": "ok", "institution": ["DE-2"]}
i0029	{"a": "29", "b": "ok", "institution": ["DE-3"]}
i0030	{"a": "30", "b": "ok", "institution": ["DE-1"]}
i0031	{"a": "31", "b": "ok", "institution": ["DE-2"]}
i0032	{"a": "32", "b": "ok", "institution": ["DE-3"]}
i0033	{"a": "33", "b": "ok", "institution": ["DE-1"]}
i0034	{"a": "34", "b": "ok", "institution": ["DE-2"]}
i0035	{"a": "35", "b": "ok", "institution": ["DE-3"]}
i0036	{"a": "36", "b": "ok", "institution": ["DE-1"]}
i0037	{"a": "37", "b": "ok", "institution": ["DE-2"]}
i0038	{"a": "38", "b": "ok", "institution": ["DE-3"]}
i0039	{"a": "39", "b": "ok", "institution": ["DE-1"]}
i0040	{"a": "40", "b": "ok", "institution": ["DE-2"]}
i0041	{"a": "41", "b": "ok", "institution": ["DE-3"]}
i0042	{"a": "42", "b": "ok", "institution": ["DE-1"]}
i0043	{"a": "43", "b": "ok", "institution": ["DE-2"]}
i0044	{"a": "44", "b": "ok", "institution": ["DE-3"]}
i0045	{"a": "45", "b": "ok", "institution": ["DE-1"]}
i0046	{"a": "46", "b": "ok", "institution": ["DE-2"]}
i0047	{"a": "47", "b": "ok", "institution": ["DE-3"]}
i0048	{"a": "48", "b": "ok", "institution": ["DE-1"]}
i0049	{"a": "49", "b": "ok", "institution": ["DE-2"]}
i0050	{"a": "50", "b": "ok", "institution": ["DE-3"]}
i0051	{"a": "51", "b": "ok", "institution": ["DE-1"]}
i0052	{"a": "52", "b": "ok", "institution": ["DE-2"]}
i0053	{"a": "53", "b": "ok", "institution": ["DE-3"]}
i0054	{"a": "54", "b": "ok", "institution": ["DE-1"]}
i0055	{"a": "55", "b": "ok", "institution": ["DE-2"]}
i0056	{"a": "56", "b": "ok", "institution": ["DE-3"]}
i0057	{"a": "57", "b": "ok", "institution": ["DE-1"]}
i0058	{"a": "58", "b": "ok", "institution": ["DE-2"]}
i0059	{"a": "59", "b": "ok", "institution": ["DE-3"]}
i0060	{"a": "60", "b": "ok", "institution": ["DE-1"]}
i0061	{"a": "61", "b": "ok", "institution": ["DE-2"]}
i0062	{"a": "62", "b": "ok", "institution": ["DE-3"]}
i0063	{"a": "63", "b": "ok", "institution": ["DE-1"]}
i0064	{"a": "64", "b": "ok", "institution": ["DE-2"]}
i0065	{"a": "65", "b": "ok", "institution": ["DE-3"]}
i0066	{"a": "66", "b": "ok", "institution": ["DE-1"]}
i0067	{"a": "67", "b": "ok", "institution": ["DE-2"]}
i0068	{"a": "68", "b": "ok", "institution": ["DE-3"]}
i0069	{"a": "69", "b": "ok", "institution": ["DE-1"]}
i0070	{"a": "70", "b": "ok", "institution": ["DE-2"]}
i0071	{"a": "71", "b": "ok", "institution": ["DE-3"]}
i0072	{"a": "72", "b": "ok", "institution": ["DE-1"]}
i0073	{"a": "73", "b": "ok", "institution": ["DE-2"]}
i0074	{"a": "74", "b": "ok", "institution": ["DE-3"]}
i0075	{"a": "75", "b": "ok", "institution": ["DE-1"]}
i0076	{"a": "76", "b": "ok", "institution": ["DE-2"]}
i0077	{"a": "77", "b": "ok", "institution": ["DE-3"]}
i0078	{"a": "78", "b": "ok", "institution": ["DE-1"]}
i0079	{"a": "79", "b": "ok", "institution": ["DE-2"]}
i0080	{"a": "80", "b": "ok", "institution": ["DE-3"]}
i0081	{"a": "81", "b": "ok", "institution": ["DE-1"]}
i0082	{"a": "82", "b": "ok", "institution": ["DE-2"]}
i0083	{"a": "83", "b": "ok", "institution": ["DE-3"]}
i0084	{"a": "84", "b": "ok", "institution": ["DE-1"]}
i0085	{"a": "85", "b": "ok", "institution": ["DE-2"]}
i0086	{"a": "86", "b": "ok", "institution": ["DE-3"]}
i0087	{"a": "87", "b": "ok", "institution": ["DE-1"]}
i0088	{"a": "88", "b": "ok", "institution": ["DE-2"]}
i0089	{"a": "89", "b": "ok", "institution": ["DE-3"]}
i0090	{"a": "90", "b": "ok", "institution": ["DE-1"]}
i0091	{"a": "91", "b": "ok", "institution": ["DE-2"]}
i0092	{"a": "92", "b": "ok", "institution": ["DE-3"]}
i0093	{"a": "93", "b": "ok", "institution": ["DE-1"]}
i0094	{"a": "94", "b": "ok", "institution": ["DE-2"]}
i0095	{"a": "95", "b": "ok", "institution": ["DE-3"]}
i0096	{"a": "96", "b": "ok", "institution": ["DE-1"]}
i0097	{"a": "97", "b": "ok", "institution": ["DE-2"]}
i0098	{"a": "98", "b": "ok", "institution": ["DE-3"]}
i0099	{"a": "99", "b": "ok", "institution": ["DE-1"]}
